{"hash_freq": {"variance": 16786.365695066143, "cutoff": [-1, 2, 6, 12, 21, 32, 49, 74, 126]}, "avg_fav": {"variance": 191513.37148492315, "cutoff": [0, 0, 0, 0, 0, 0]}, "u_lis": {"variance": 2063521.440257838, "cutoff": [1, 7, 21, 72]}, "u_fri": {"variance": 315020745.05743146, "cutoff": [60, 147, 317, 806]}, "u_fol": {"variance": 1188829421809.7812, "cutoff": [33, 130, 372, 1525]}, "avg_ret": {"variance": 45280101.487580314, "cutoff": [4, 46, 143, 472]}, "u_sta": {"variance": 13953919893.436703, "cutoff": [433, 2620, 8817, 29202]}, "u_fav": {"variance": 1802490468.17733, "cutoff": [35, 345, 1776, 7065]}}