{"u_fav": {"cutoff": [35, 345, 1776, 7065], "variance": 1802490468.17733}, "avg_ret": {"cutoff": [4, 46, 143, 472], "variance": 45280101.487580314}, "u_lis": {"cutoff": [1, 7, 21, 72], "variance": 2063521.440257838}, "u_fol": {"cutoff": [33, 130, 372, 1525], "variance": 1188829421809.7812}, "u_fri": {"cutoff": [60, 147, 317, 806], "variance": 315020745.05743146}, "avg_fav": {"cutoff": [0, 0, 0, 0, 0, 0], "variance": 191513.37148492315}, "u_sta": {"cutoff": [433, 2620, 8817, 29202], "variance": 13953919893.436703}, "hash_freq": {"cutoff": [-1, 2, 6, 12, 21, 32, 49, 74, 126], "variance": 16786.365695066143}}