{"hash_freq": {"variance": 8192.767592120244, "cutoff": [573.0]}, "avg_ret": {"variance": 10852945.023040885, "cutoff": [59163.85]}, "u_fri": {"variance": 65167646.11230857, "cutoff": [