{"u_fol": {"cutoff": [6, 44, 161, 934], "variance": 641632489748.4111}, "hash_freq": {"cutoff": [-1, -1, 2, 6, 16, 24, 25, 57, 89], "variance": 46752.90129477696}, "u_fav": {"cutoff": [5, 28, 287, 1261, 2962, 6225, 11971], "variance": 2012126161.5964286}, "u_sta": {"cutoff": [14, 538, 5990, 25871], "variance": 21857468888.727776}, "u_fri": {"cutoff": [15, 53, 120, 195, 276, 456, 605, 1610], "variance": 284290.4666666667}, "u_lis": {"cutoff": [0, 1, 1, 7, 17, 37, 104], "variance": 702203.5095238094}, "avg_ret": {"cutoff": [0, 45, 153, 452], "variance": 3745189.548180556}, "avg_fav": {"cutoff": [0, 0, 0, 0, 0, 0], "variance": 1064.2308808460887}}