{"avg_ret": {"variance": 20604791.32714391, "cutoff": [83]}, "u_fav": {"variance": 888581336.2470919, "cutoff": [835]}, "u_fol": {"variance": 479775504928.5171, "cutoff": [219]}, "u_lis": {"variance": 892307.2837527979, "cutoff": [12]}, "avg_fav": {"variance": 64851.41112789639, "cutoff": [0]}, "u_sta": {"variance": 7706216777.041364, "cutoff": [4967]}, "hash_freq": {"variance": 11916.671089308918, "cutoff": [21]}, "u_fri": {"variance": 128843479.78133096, "cutoff": [222]}}